s,p,d,c,o,id,n,Long,Lat
no-water-state-data,04,0402,28,GDYN,153190070,BACHOTEK,19.450277777777778,53.312777777777775
no-water-state-data,24,2414,211,KRAK,150190060,BOJSZOWY,19.108333333333334,50.06111111111111
no-water-state-data,06,0612,23,KRAK,151210130,BÓR,21.878055555555555,51.01416666666667
no-water-state-data,30,3031,1886,POZN,153170020,BUNTOWO,17.1275,53.26638888888889
no-water-state-data,12,1215,2134,KRAK,149190490,BYSTRA 2,19.783611111111114,49.651666666666664
no-water-state-data,22,2202,292,GDYN,153170080,CHARZYKOWY,17.508333333333333,53.73777777777778
no-water-state-data,28,2814,5844,SOWR,153200140,DADAJ,20.8875,53.85805555555556
no-water-state-data,30,3009,1832,POZN,152180150,DĄBIE,18.823888888888888,52.084722222222226
no-water-state-data,24,2403,211,KRAK,149180080,DROGOMYŚL,18.749444444444446,49.88583333333333
no-water-state-data,10,1011,183,POZN,151180220,GRABINA,18.762777777777778,51.76111111111111
no-water-state-data,30,3018,184,POZN,151180190,GRABÓW NAD PROSNĄ,18.124166666666667,51.51
no-water-state-data,30,3009,183,POZN,152180140,GRZEGORZEW,18.74277777777778,52.2
no-water-state-data,08,0802,174,WROC,151140010,GUBIN,14.706944444444444,51.971944444444446
no-water-state-data,32,3214,198,POZN,153150060,IŃSKO,15.545,53.439166666666665
no-water-state-data,24,2403,114,WROC,149180130,ISTEBNA,18.892777777777777,49.57194444444445
no-water-state-data,12,1202,213,KRAK,150200130,JAGODNIKI,20.681944444444447,50.20055555555556
no-water-state-data,22,2206,294,GDYN,153170130,JEZIORNA,17.91472222222222,53.95638888888889
no-water-state-data,26,2603,213,KRAK,150200190,KAMYSZÓW,20.474166666666665,50.30416666666667
no-water-state-data,14,1409,23,KRAK,151210220,KOLONIA NADWIŚLAŃSKA,21.790555555555557,51.124722222222225
no-water-state-data,30,3009,183,POZN,152180110,KOŚCIELEC,18.575277777777778,52.17527777777777
no-water-state-data,20,2013,267146,SOWR,152220100,KOZARZE,22.476388888888888,52.66972222222222
no-water-state-data,12,1206,213,KRAK,150190480,KRAKÓW-ŁAGIEWNIKI,19.93777777777778,50.011944444444445
no-water-state-data,22,2212,472,GDYN,154170020,KRĘPA,17.049166666666668,54.41861111111111
no-water-state-data,14,1422,2654,SOWR,153210010,KRUKOWO,21.108055555555556,53.30888888888889
no-water-state-data,04,0407,1881,POZN,152180080,KRUSZWICA,18.327222222222222,52.674166666666665
no-water-state-data,32,3203,1888,POZN,153150140,LUBIESZEWO,15.940833333333334,53.458333333333336
no-water-state-data,12,1217,2141,KRAK,149200100,ŁYSA POLANA,20.115000000000002,49.26361111111111
no-water-state-data,28,2818,582,SOWR,154210100,MIEDUNISZKI,21.979999999999997,54.32638888888889
no-water-state-data,06,0608,24,KRAK,151220050,MŁYNISKA,22.386666666666667,51.54277777777778
no-water-state-data,32,3217,18865994,POZN,153160060,NAKIELNO,16.304722222222225,53.26416666666667
no-water-state-data,30,3010,1881,POZN,152180090,NOĆ KALINA,18.380555555555556,52.43833333333333
no-water-state-data,14,1420,268,SOWR,152209994,NOWE MIASTO,20.63277777777778,52.655833333333334
no-water-state-data,12,1206,213,KRAK,150200180,ORŁÓW,20.03611111111111,50.284166666666664
no-water-state-data,06,0602,228,KRAK,150220160,OSUCHY,22.955,50.39888888888889
no-water-state-data,16,1609,118,WROC,150180050,OZIMEK,18.203888888888887,50.67916666666667
no-water-state-data,20,2012,68,SOWR,154230010,POSZESZUPIE,23.020833333333332,54.34444444444445
no-water-state-data,30,3023,183,POZN,152170140,POWIDZ,17.921944444444446,52.410555555555554
no-water-state-data,08,0808,15,WROC,152150060,PRZEŁAZY,15.383055555555556,52.234722222222224
no-water-state-data,20,2001,2622,SOWR,153230050,PRZEWIĘŹ ,23.092499999999998,53.86694444444444
no-water-state-data,20,2001,2622,SOWR,153230040,PRZEWIĘŹ ,23.091666666666665,53.8675
no-water-state-data,32,3206,,POZN,152140030,PRZYJEZIERZE,14.382222222222223,52.870555555555555
no-water-state-data,06,0610,24,KRAK,151220140,PUCHACZÓW,22.974999999999998,51.30555555555555
no-water-state-data,10,1003,182,POZN,151180170,ROGÓŹNO,18.974166666666665,51.43555555555555
no-water-state-data,32,3208,44,GDYN,154150060,ROŚCIĘCINO,15.607222222222221,54.11527777777778
no-water-state-data,14,1411,265,SOWR,152219993,RÓŻAN,21.40611111111111,52.88527777777778
no-water-state-data,28,2816,264,SOWR,153210100,RUCIANE-NIDA,21.566944444444445,53.644444444444446
no-water-state-data,04,0413,292,GDYN,153170090,SĘPÓLNO KRAJEŃSKIE,17.524166666666666,53.45805555555556
no-water-state-data,32,3203,18865994,POZN,153160050,SIKORY,16.273888888888887,53.612500000000004
no-water-state-data,14,1425,252,SOWR,151200110,SŁOWIKÓW,20.888055555555557,51.45722222222223
no-water-state-data,10,1016,254,SOWR,151200020,SPAŁA,20.133888888888887,51.53722222222222
no-water-state-data,12,1215,2134,KRAK,149190200,SUCHA BESKIDZKA,19.601111111111113,49.74333333333333
no-water-state-data,12,1211,2141,KRAK,149200180,SZCZAWNICA,20.493333333333336,49.42027777777778
no-water-state-data,26,2604,2164,KRAK,150200040,TOKARNIA,20.453055555555554,50.774166666666666
no-water-state-data,30,3019,1887,POZN,153160160,UJŚCIE 2,16.72138888888889,53.055
no-water-state-data,32,3209,45,GDYN,154160010,UNIEŚCIE,16.078611111111112,54.2625
no-water-state-data,26,2605,254,SOWR,151200070,WĄSOSZ-STARA WIEŚ,20.475555555555555,51.12916666666667
no-water-state-data,26,2605,254,SOWR,151200060,WĄSOSZ-STARA WIEŚ,20.473611111111108,51.13305555555556
no-water-state-data,20,2012,64,SOWR,154230020,WIGRY,23.086388888888887,54.069722222222225
no-water-state-data,26,2612,2178,KRAK,150210050,WILKOWA,21.16583333333333,50.462500000000006
no-water-state-data,26,2601,216,KRAK,150200200,WIŚLICA 2,20.6725,50.34055555555556
no-water-state-data,20,2012,64,SOWR,154220080,WRÓBEL,22.796944444444446,54.24388888888889
no-water-state-data,32,0806,1888,POZN,153150160,WYSPA POKRZYWKA,15.98472222222222,53.09138888888889
no-water-state-data,10,1016,254,SOWR,151190110,ZAWADA,19.942777777777778,51.53
no-water-state-data,22,2212,472,GDYN,154170340,ŻELKÓWKO,17.084722222222222,54.36027777777778
unknown,14,1427,2756,SOWR,152190160,BABIEC,19.689444444444444,52.90222222222222
unknown,16,1607,12,WROC,150170050,BIAŁA NYSKA,17.297500000000003,50.433611111111105
unknown,02,0208,12,WROC,150160400,BOBOSZÓW,16.691666666666666,50.11472222222223
unknown,24,2401,212,KRAK,150180310,BOBROWNIKI,18.963055555555556,50.37444444444444
unknown,12,1218,213,KRAK,149190510,BRODY,19.69472222222222,49.86638888888889
unknown,18,1804,225,KRAK,149230020,BUDZYŃ,23.122222222222224,49.984722222222224
no-char-states,24,2464,181,POZN,150190390,CZĘSTOCHOWA 1,19.125,50.795833333333334
no-char-states,24,2464,181,POZN,150190400,CZĘSTOCHOWA 2,19.154166666666665,50.80611111111111
no-char-states,24,2464,181,POZN,150190410,CZĘSTOCHOWA 3,19.13277777777778,50.81388888888888
unknown,22,2212,474,GDYN,154179998,DAMNO,17.32611111111111,54.52916666666667
unknown,18,1807,226,KRAK,149210450,DARÓW,21.910555555555554,49.44361111111111
unknown,24,2404,181,POZN,150190470,DĄBEK,19.444166666666668,50.849444444444444
unknown,22,2211,47,GDYN,154180280,DĘBKI,18.0625,54.831388888888895
unknown,20,2008,262,SOWR,153220250,DOLISTOWO STARE,22.90694444444444,53.55333333333333
unknown,02,0223,134,WROC,150160430,DOMANICE,16.586388888888887,50.948611111111106
unknown,14,1428,272,SOWR,152209997,DURANÓW,20.239166666666666,52.19972222222222
unknown,16,1607,12,WROC,150170340,DZIEWIĘTLICE,17.085277777777776,50.41583333333333
unknown,02,0208,12,WROC,150160410,GAJNIK,16.703888888888887,50.19361111111111
unknown,12,1219,2138,KRAK,149200540,GDÓW 2,20.211666666666666,49.90138888888889
unknown,16,1607,12,WROC,150170070,GŁUCHOŁAZY,17.379444444444445,50.316111111111105
unknown,22,2212,474,GDYN,154170320,GŁUSZYNKO,17.453055555555554,54.49305555555556
unknown,12,1212,212,KRAK,150190270,GOLCZOWICE,19.602500000000003,50.36138888888889
unknown,02,0208,12,WROC,150160420,GOWORÓW,16.711944444444445,50.178888888888885
unknown,12,1219,213,KRAK,150200220,GRABIE,20.143333333333334,50.04527777777778
unknown,08,0802,174,WROC,151140190,GUBIN,14.734444444444444,51.94194444444444
unknown,08,0811,174,WROC,151140170,JANISZOWICE,14.653611111111111,51.77861111111111
unknown,12,1206,213,KRAK,150190420,JANUSZOWICE,19.890833333333333,50.151111111111106
unknown,16,1607,12,WROC,150170350,KAŁKÓW,17.196666666666665,50.400555555555556
unknown,24,2404,181,POZN,150190430,KAMIENICA POLSKA,19.154166666666665,50.68722222222222
unknown,18,1814,226,KRAK,149229998,KAŃCZUGA,22.420555555555556,49.980000000000004
unknown,32,3201,44,GDYN,154150070,KARLINO,15.869444444444445,54.038888888888884
unknown,10,1008,1832,POZN,151190130,KAZIMIERZ,19.2025,51.76611111111111
unknown,16,1604,181,WROC,150180340,KLUCZBORK,18.240000000000002,50.969166666666666
unknown,02,0225,174,WROC,150140140,KOPACZÓW,14.82861111111111,50.87222222222222
unknown,02,0208,12,WROC,150160380,KROSNOWICE,16.628611111111113,50.38361111111111
unknown,10,1014,183,POZN,151180200,KUŚNIE,18.680833333333336,51.535
unknown,10,1002,272,SOWR,152199997,KUTNO,19.35027777777778,52.2325
unknown,26,2604,2164,KRAK,150200210,LESZCZYNY,20.764722222222222,50.87777777777778
unknown,22,2208,476,GDYN,154170330,ŁEBSKO,17.53666666666667,54.753055555555555
no-char-states,24,2417,2132,KRAK,149190140,ŁĘKAWICA,19.26222222222222,49.711666666666666
unknown,16,1607,12,WROC,150170320,MALERZOWICE WIELKIE,17.474444444444444,50.58444444444444
unknown,18,1814,226,KRAK,149229999,MANASTERZ,22.337777777777777,49.927499999999995
unknown,24,2409,181,POZN,150190460,MASŁOŃSKIE,19.253333333333334,50.649166666666666
unknown,18,1807,226,KRAK,149210470,MIEJSCE PIASTOWE,21.780555555555555,49.63111111111111
unknown,02,0207,16,WROC,150159997,MISZKOWICE,15.928888888888888,50.714444444444446
unknown,32,3205,42,GDYN,153150190,MOŁSTOWO,15.36361111111111,53.98722222222222
unknown,32,3214,197432,POZN,153140200,MORZYCZYN,14.91638888888889,53.35138888888889
unknown,32,3205,,GDYN,154150080,MRZEŻYNO,15.286111111111111,54.141666666666666
no-char-states,24,2475,212,KRAK,150190100,NIWKA,19.160833333333333,50.23583333333333
unknown,24,2409,181,POZN,150190450,NOWA KUŹNICA,19.21611111111111,50.620555555555555
unknown,22,2210,49,GDYN,154190180,NOWY ŚWIAT - UJŚCIE,19.311111111111114,54.36388888888889
unknown,22,2210,51,GDYN,154190200,NOWY ŚWIAT - ZALEW,19.31277777777778,54.35055555555556
unknown,18,1817,226,KRAK,149210460,ODRZECHOWA,21.95138888888889,49.545833333333334
unknown,28,2809,56,GDYN,154209999,OLKOWO,20.038333333333334,54.10583333333334
unknown,08,0811,174,WROC,151140180,OLSZYNA,14.753055555555555,51.66611111111111
unknown,02,0207,16,WROC,150150230,OPAWA,15.925555555555555,50.70138888888889
unknown,16,1607,12,WROC,150170330,PACZKÓW,17.016111111111112,50.46888888888889
unknown,12,1207,2149,KRAK,149209990,PIEKIEŁKO,20.34583333333333,49.74944444444444
unknown,12,1219,2138,KRAK,149200520,PIERZCHÓW,20.279999999999998,49.93416666666666
no-char-states,14,1462,275,SOWR,152199995,PŁOCK,19.67388888888889,52.53861111111111
unknown,14,1424,265,SOWR,152210180,PUŁTUSK,21.093333333333334,52.70277777777778
unknown,30,3006,185,POZN,152179994,RASZEWY,17.616388888888892,52.09
unknown,22,2215,47,GDYN,154180290,REDA-CEDRON,18.269166666666667,54.609722222222224
unknown,02,0208,12,WROC,150160390,ROZTOKI BYSTRZYCKIE,16.672222222222224,50.19083333333333
unknown,24,2405,116,WROC,150180320,RUDZINIEC,18.40583333333333,50.37861111111111
unknown,24,2412,115,WROC,150180330,RYBNIK-PARUSZOWIEC,18.557222222222222,50.11
unknown,12,1218,2134,KRAK,149190500,RZYKI,19.37666666666667,49.82361111111111
unknown,08,0811,174,WROC,151140200,SANICE,14.9675,51.41722222222222
unknown,02,0208,12,WROC,150160340,SARNY,16.465833333333332,50.547777777777775
unknown,02,0207,16,WROC,150169999,SĘDZISŁAW,16.04527777777778,50.81944444444445
unknown,22,2213,298,GDYN,154180300,SKARSZEWY,18.429166666666667,54.056666666666665
unknown,12,1209,2138,KRAK,149200530,SKRZYNKA,20.13277777777778,49.874722222222225
unknown,24,2401,212,KRAK,150190250,SŁAWKÓW,19.398888888888887,50.29972222222222
unknown,32,3213,46,GDYN,154169997,SŁAWNO,16.688333333333333,54.365833333333335
unknown,24,2404,181,POZN,150190440,SŁOWIK,19.183888888888887,50.748333333333335
unknown,10,1014,183,POZN,151180210,SMARDZEW,18.655555555555555,51.596944444444446
unknown,28,2808,5848,SOWR,154210110,SMOKOWO,21.32361111111111,54.066111111111105
unknown,14,1420,268,SOWR,152209996,SOCHOCIN,20.469166666666666,52.68527777777778
unknown,02,0208,12,WROC,150160360,STARKÓW,16.58,50.3775
unknown,16,1605,117,WROC,150170360,STEBLÓW,17.940555555555555,50.45166666666667
unknown,02,0208,12,WROC,150160350,SZALEJÓW GÓRNY,16.537222222222223,50.41833333333333
unknown,02,0208,12,WROC,150160330,SZCZYTNA,16.443055555555556,50.41555555555556
unknown,02,0208,12,WROC,150160370,TOPOLICE,16.609166666666667,50.36694444444444
unknown,24,2477,211,KRAK,150180300,TYCHY,18.977777777777778,50.086666666666666
unknown,02,0204,14,WROC,151160300,WĄSOSZ,16.68861111111111,51.55833333333333
unknown,18,1817,226,KRAK,149210480,WISŁOK WIELKI,21.979444444444443,49.400555555555556
unknown,18,1806,219,KRAK,150210410,WOLA RANIŻOWSKA,21.98777777777778,50.29416666666666
unknown,30,3010,1881,POZN,152180180,ZABOROWO,18.411666666666665,52.419444444444444
unknown,14,1434,267148,SOWR,152210110,ZAWISZYN,21.65611111111111,52.486666666666665
unknown,06,0606,24,KRAK,150230090,ZAŻÓŁKIEW,23.133333333333333,50.971111111111114
unknown,06,0663,246,KRAK,151220150,ZEMBORZYCE,22.491944444444446,51.15555555555555
unknown,12,1215,2134,KRAK,149190480,ZEMBRZYCE,19.616666666666667,49.77222222222222
unknown,32,3213,46,GDYN,154160160,ZIELNOWO,16.475555555555555,54.44194444444444
unknown,14,1434,267,SOWR,152219996,ZIELONKA,21.140277777777776,52.312777777777775
unknown,02,0220,14,WROC,151160290,ŻMIGRÓD,16.89638888888889,51.480555555555554
below,16,1607,117,WROC,150170080,JARNOŁTÓWEK,17.428055555555556,50.28583333333333
below,02,0224,12,WROC,150160270,KAMIENIEC ZĄBKOWICKI,16.865000000000002,50.532222222222224
below,12,1206,213,KRAK,150190330,OJCÓW,19.8325,50.19472222222222
low,06,0607,23,KRAK,150210180,ANNOPOL,21.83222222222222,50.899166666666666
low,20,2002,261,SOWR,153220270,BABINO,22.9425,53.15416666666667
low,12,1206,213,KRAK,150190310,BALICE,19.80666666666667,50.09305555555556
low,02,0224,12,WROC,150160220,BARDO,16.739722222222223,50.504444444444445
low,32,3208,44,GDYN,154150040,BARDY,15.713888888888889,54.09166666666667
low,08,0805,17,WROC,152140090,BIAŁA GÓRA,14.727222222222222,52.093333333333334
low,32,3201,44,GDYN,154160020,BIAŁOGÓRZYNO,16.116666666666667,54.0625
low,30,3019,1885,POZN,153170010,BIAŁOŚLIWIE,17.12472222222222,53.07361111111111
low,24,2414,211,KRAK,150190140,BIERUŃ NOWY,19.19361111111111,50.06472222222222
low,06,0602,228,KRAK,150220110,BIŁGORAJ,22.71527777777778,50.54222222222222
low,12,1214,213,KRAK,150200070,BISKUPICE,20.499166666666667,50.177499999999995
low,02,0223,134,WROC,151160180,BOGDASZOWICE,16.7925,51.086666666666666
low,24,2411,115,WROC,150180040,BOJANÓW,18.154166666666665,50.03055555555555
low,20,2002,261,SOWR,152230110,BONDARY,23.74888888888889,52.94027777777777
low,22,2205,48,GDYN,154170190,BORUCINO,17.99138888888889,54.25333333333333
low,22,2205,48,GDYN,154170240,BORUCINO ,17.979999999999997,54.25555555555555
lowOutdated,12,1202,213,KRAK,150200140,BORZĘCIN,20.705555555555556,50.065
low,20,2003,267146,SOWR,152220070,BRAŃSK,22.81861111111111,52.74388888888889
low,26,2611,234,KRAK,151210040,BRODY IŁŻECKIE,21.202777777777776,51.021388888888886
low,26,2602,216,KRAK,150200030,BRZEGI,20.413888888888888,50.74194444444444
low,18,1803,218,KRAK,150210140,BRZEŹNICA,21.486944444444447,50.10638888888889
low,10,1014,181,POZN,151180120,BURZENIN,18.837777777777777,51.458333333333336
low,26,2610,234,KRAK,151200100,BZIN,20.855555555555558,51.103611111111114
low,24,2411,113,WROC,149180020,CHAŁUPKI,18.32777777777778,49.92194444444444
low,18,1804,225,KRAK,150220140,CHARYTANY,22.93861111111111,50.00333333333333
low,04,0404,293,GDYN,153180080,CHEŁMNO,18.415,53.363055555555555
low,22,2202,292,GDYN,153179996,CHOCIŃSKI MŁYN,17.448333333333334,53.831388888888895
low,02,0209,138,WROC,151150180,CHOJNÓW,15.945555555555556,51.272777777777776
low,22,2202,292,GDYN,153170050,CIECHOLEWY,17.410833333333333,53.81444444444444
low,24,2403,114,WROC,149180060,CIESZYN,18.629722222222224,49.74583333333334
low,24,2417,2132,KRAK,149190080,CIĘCINA,19.148888888888887,49.624722222222225
low,12,1216,2149,KRAK,149200330,CIĘŻKOWICE,20.973611111111108,49.79222222222222
low,24,2402,2132,KRAK,149190120,CZANIEC-KOBIERNICE,19.227777777777778,49.848333333333336
low,22,2213,294,GDYN,153180010,CZARNA WODA,18.092777777777776,53.84111111111111
low,22,2203,1886,POZN,153160260,CZARNE,16.95111111111111,53.69444444444444
low,30,3002,1887,POZN,152160070,CZARNKÓW,16.554166666666667,52.90833333333333
low,12,1202,2149,KRAK,149200230,CZCHÓW,20.681944444444447,49.81638888888889
low,24,2402,211,KRAK,149190010,CZECHOWICE-BESTWINA,19.030277777777776,49.89138888888889
low,26,2606,234,KRAK,151210090,CZEKARZEWICE,21.68138888888889,51.033055555555556
low,20,2012,64,SOWR,154230030,CZERWONY FOLWARK,23.11722222222222,54.069722222222225
low,02,0201,16,WROC,151150140,DĄBROWA BOLESŁAWIECKA,15.570555555555556,51.325833333333335
low,06,0616,25,KRAK,151210120,DĘBLIN,21.82638888888889,51.562777777777775
low,20,2001,262,SOWR,153220260,DĘBOWO,22.93027777777778,53.609722222222224
low,06,0603,267143,KRAK,151230060,DOROHUSK,23.80777777777778,51.184999999999995
low,32,3202,1888,POZN,153150100,DRAWNO,15.76388888888889,53.217777777777776
lowOutdated,32,3203,1888,POZN,153150120,DRAWSKO POMORSKIE,15.810833333333335,53.526944444444446
low,02,0209,138,WROC,151160050,DUNINO,16.077222222222222,51.15694444444444
low,18,1801,221,KRAK,149220150,DWERNIK,22.63277777777778,49.218611111111116
low,18,1816,223,KRAK,149220040,DYNÓW,22.24416666666667,49.80083333333333
low,10,1009,181,POZN,151180130,DZIAŁOSZYN,18.873333333333335,51.11027777777778
low,20,2002,2616,SOWR,153230010,FASTY,23.026666666666667,53.17861111111111
low,04,0461,293,GDYN,153180020,FORDON,18.17,53.14666666666667
low,20,2010,267145,SOWR,152220050,FRANKOPOL,22.560833333333335,52.415
lowOutdated,10,1020,272,SOWR,151190070,GIECZNO,19.443055555555556,51.996944444444445
low,24,2466,116,WROC,150180220,GLIWICE,18.668333333333333,50.29805555555556
low,24,2410,211,KRAK,149180240,GOCZAŁKOWICE,18.985833333333336,49.931666666666665
low,18,1819,226,KRAK,149210120,GODOWA,21.811666666666667,49.84861111111111
low,32,3216,42,GDYN,153150090,GOLA DOLNA,15.730555555555556,53.749722222222225
low,32,3204,198,POZN,153140090,GOLENIÓW,14.826944444444445,53.56305555555555
low,12,1210,2141,KRAK,149200190,GOŁKOWICE,20.57,49.54972222222222
low,24,2415,114,WROC,149180040,GOŁKOWICE,18.49638888888889,49.92583333333333
low,22,2205,48,GDYN,154180060,GORĘCZYNO,18.16472222222222,54.26361111111111
low,18,1814,226,KRAK,150220060,GORLICZYNA,22.487222222222222,50.08555555555556
low,02,0208,12,WROC,150160100,GORZUCHÓW,16.57111111111111,50.48527777777778
low,06,0604,267142,KRAK,150230070,GOZDÓW,23.807222222222222,50.777499999999996
low,24,2403,211,KRAK,149180120,GÓRKI WIELKIE,18.852500000000003,49.7725
low,04,0462,295,GDYN,153180100,GRUDZIĄDZ,18.74527777777778,53.485
low,12,1210,2149,KRAK,149200310,GRYBÓW,20.945833333333333,49.62388888888889
low,02,0212,166,WROC,151150110,GRYFÓW ŚLĄSKI,15.413055555555555,51.026666666666664
low,14,1417,25,SOWR,151210050,GUSIN,21.254444444444445,51.89277777777778
low,32,3215,1886,POZN,153160200,GWDA WIELKA,16.79361111111111,53.74027777777778
low,18,1812,228,KRAK,150220050,HARASIUKI,22.474166666666665,50.4775
low,18,1821,221,KRAK,149220070,HOCZEW,22.328333333333333,49.42388888888889
low,18,1807,226,KRAK,149210140,ISKRZYNIA,21.864444444444445,49.67722222222222
low,12,1210,2149,KRAK,149200200,JAKUBKOWICE,20.63,49.739444444444445
low,20,2001,64,SOWR,153230120,JAŁOWY RÓG,23.40583333333333,53.9
low,18,1804,225,KRAK,150220100,JAROSŁAW,22.702777777777776,50.02111111111111
low,18,1805,218,KRAK,149210080,JASŁO,21.473055555555554,49.750277777777775
low,24,2468,212,KRAK,150190180,JELEŃ,19.239722222222223,50.16111111111111
low,12,1215,2134,KRAK,149190290,JORDANÓW,19.83,49.63638888888889
low,18,1821,221,KRAK,149220110,KALNICA,22.429166666666667,49.18888888888888
low,16,1603,117,WROC,150180010,KAMIONKA,18.0425,50.39111111111111
low,02,0220,14,WROC,151160220,KANCLERZOWICE,16.95611111111111,51.453611111111115
low,12,1204,215,KRAK,150200150,KARSY,20.77472222222222,50.275
low,12,1207,2138,KRAK,149200040,KASINKA MAŁA,20.0325,49.70472222222222
low,14,1436,236,SOWR,151210080,KAZANÓW,21.466666666666665,51.27333333333333
low,14,1419,273,SOWR,152190120,KĘPA POLSKA,19.96333333333333,52.43138888888889
low,12,1205,218,KRAK,149210030,KLĘCZANY,21.216666666666665,49.70138888888889
low,18,1820,219,KRAK,150210150,KOŁO,21.511111111111113,50.50472222222222
low,16,1601,12,WROC,150170100,KOPICE,17.47833333333333,50.64555555555555
low,22,2212,46,GDYN,154160120,KORZYBIE,16.878333333333334,54.28055555555555
low,12,1217,2141,KRAK,149190300,KOŚCIELISKO-KIRY,19.868055555555557,49.27583333333333
low,06,0614,24,KRAK,151220010,KOŚMIN,22.00138888888889,51.573055555555555
low,24,2401,212,KRAK,150180270,KOZŁOWA GÓRA,18.971944444444443,50.41222222222222
low,18,1805,218,KRAK,149210050,KRAJOWICE,21.412499999999998,49.77222222222222
low,02,0219,134,WROC,150160120,KRASKÓW,16.583888888888886,50.91555555555556
low,06,0606,24,KRAK,150230040,KRASNYSTAW,23.17666666666667,50.98527777777778
low,32,3209,46,GDYN,154160090,KRĄG,16.723055555555554,54.24277777777778
low,18,1805,218,KRAK,149210090,KREMPNA-KOTAŃ,21.484166666666667,49.51638888888889
low,24,2409,181,POZN,150190240,KRĘCIWILK,19.37027777777778,50.54527777777778
low,18,1861,226,KRAK,149210110,KROSNO,21.77472222222222,49.693888888888885
low,12,1211,2141,KRAK,149200160,KROŚCIENKO,20.429444444444446,49.44166666666666
low,18,1801,76,KRAK,149220170,KROŚCIENKO,22.662777777777777,49.473055555555554
low,18,1862,224,KRAK,149220200,KRÓWNIKI,22.823055555555555,49.76694444444444
low,24,2413,118,WROC,150180190,KRUPSKI MŁYN,18.624444444444446,50.571111111111115
low,06,0604,267141,KRAK,150240020,KRYŁÓW,24.0625,50.67722222222222
low,06,0620,24,KRAK,150230030,KRZAK,23.104444444444447,50.802499999999995
low,12,1209,2138,KRAK,149190350,KRZCZONÓW,19.953888888888887,49.736666666666665
lowOutdated,06,0601,267145,KRAK,152230080,KRZYCZEW,23.499166666666667,52.14694444444444
low,24,2411,115,WROC,149180010,KRZYŻANOWICE,18.287222222222223,49.993611111111115
low,02,0208,9,WROC,150160040,KUDOWA-ZDRÓJ-ZAKRZE,16.24388888888889,50.43083333333333
low,24,2406,181,POZN,151190010,KULE,19.048055555555557,51.04277777777778
lowOutdated,32,3204,42,GDYN,153150030,KULICE,15.168333333333333,53.66
low,26,2607,234,KRAK,150210090,KUNÓW,21.278888888888886,50.96194444444445
low,24,2401,212,KRAK,150190210,KUŹNICA SULIKOWSKA,19.272777777777776,50.45305555555556
low,22,2201,46,GDYN,154170040,KWISNO,17.130277777777778,54.085
low,02,0208,12,WROC,150160230,LĄDEK-ZDRÓJ,16.87027777777778,50.34666666666667
low,18,1821,221,KRAK,149220060,LESKO,22.322222222222223,49.469166666666666
low,18,1814,225,KRAK,150220090,LEŻACHÓW,22.603055555555557,50.140277777777776
low,22,2208,476,GDYN,154170160,LĘBORK 2,17.747222222222224,54.54194444444444
low,24,2409,181,POZN,150190200,LGOTA NADWARCIE,19.259444444444444,50.61833333333333
low,04,0408,279,GDYN,152190040,LIPNO,19.178055555555556,52.846111111111114
low,06,0608,24,KRAK,151220090,LUBARTÓW,22.64361111111111,51.49805555555556
lowOutdated,06,0663,246,KRAK,151220070,LUBLIN,22.542222222222225,51.217777777777776
low,18,1803,218,KRAK,149210040,ŁABUZIE,21.309722222222224,49.98777777777778
low,24,2401,212,KRAK,150190130,ŁAGISZA,19.185555555555556,50.35027777777778
low,02,0219,134,WROC,150160090,ŁAŻANY,16.4925,50.95305555555556
low,32,3214,42,GDYN,153150080,ŁOBEZ,15.613333333333333,53.62916666666667
low,14,1433,267148,SOWR,152210120,ŁOCHÓW,21.678333333333335,52.51
low,24,2417,2132,KRAK,149190070,ŁODYGOWICE,19.13611111111111,49.727222222222224
lowOutdated,02,0206,16,WROC,150150090,ŁOMNICA,15.803055555555556,50.87638888888889
low,08,0810,166,WROC,151150090,ŁOZY,15.368611111111111,51.49138888888889
low,06,0620,24,KRAK,150230080,MICHALÓW,23.020555555555553,50.73416666666667
low,26,2611,234,KRAK,151210020,MICHAŁÓW,21.101111111111113,51.01166666666666
low,26,2608,216,KRAK,150200050,MICHAŁÓW,20.45638888888889,50.49166666666667
low,18,1811,218,KRAK,150210120,MIELEC 2,21.43027777777778,50.27916666666667
low,08,0806,1888,POZN,152150180,MIERZĘCIN,15.829444444444444,52.95583333333334
low,02,0208,12,WROC,150160190,MIĘDZYLESIE,16.664166666666667,50.15555555555555
low,28,2816,264,SOWR,153210230,MIKOSZE,21.923055555555557,53.80583333333333
low,24,2461,211,KRAK,149190030,MIKUSZOWICE,19.074166666666667,49.779444444444444
low,02,0212,166,WROC,150150010,MIRSK,15.383888888888889,50.989444444444445
low,26,2604,2178,KRAK,150210030,MOCHA,21.080277777777777,50.67055555555555
low,14,1414,271,SOWR,152200110,MODLIN,20.65972222222222,52.43055555555555
low,26,2604,2164,KRAK,150200120,MORAWICA,20.616666666666667,50.750277777777775
low,12,1217,2141,KRAK,149200070,MORSKIE OKO,20.07138888888889,49.200833333333335
low,12,1207,2138,KRAK,149200080,MSZANA DOLNA,20.079444444444444,49.67472222222222
low,12,1210,2142,KRAK,149200300,MUSZYNA,20.891944444444444,49.339444444444446
low,12,1210,2142,KRAK,149200290,MUSZYNA-MILIK,20.885277777777777,49.35
low,04,0410,1883,POZN,153170100,NAKŁO-ZACHÓD,17.56222222222222,53.12361111111111
low,20,2005,261,SOWR,152230090,NAREW,23.522777777777776,52.91583333333333
low,06,0620,24,KRAK,150230010,NIELISZ,23.041111111111114,50.808611111111105
low,18,1804,225,KRAK,149220210,NIENOWICE,22.916944444444447,49.937777777777775
low,08,0809,15,WROC,152150050,NIETKÓW,15.3475,52.046388888888885
low,18,1812,229,KRAK,150220030,NISKO,22.192777777777778,50.519999999999996
low,08,0804,15,WROC,151150150,NOWA SÓL,15.721666666666668,51.80222222222222
low,08,0806,1889,POZN,152150190,NOWE DREZDENKO,15.8375,52.850833333333334
low,12,1262,2149,KRAK,149200240,NOWY SĄCZ,20.68722222222222,49.62722222222222
low,12,1262,2149,KRAK,149200250,NOWY SĄCZ,20.695833333333333,49.625277777777775
low,12,1211,2141,KRAK,149200030,NOWY TARG,20.03111111111111,49.48444444444444
low,12,1211,2141,KRAK,149200050,NOWY TARG-KOWANIEC,20.053611111111113,49.48694444444445
low,16,1607,12,WROC,150170060,NYSA,17.341666666666665,50.48111111111111
low,14,1423,2548,SOWR,151200080,ODRZYWÓŁ,20.56277777777778,51.519444444444446
low,06,0619,267143,KRAK,151230030,OKUNINKA,23.522777777777776,51.52166666666667
low,18,1817,223,KRAK,149220030,OLCHOWCE,22.21861111111111,49.55611111111111
low,24,2415,115,WROC,149180300,OLZA,18.32638888888889,49.95472222222222
low,02,0215,13,WROC,150170040,OŁAWA,17.30638888888889,50.94638888888888
low,10,1007,2548,SOWR,151200040,OPOCZNO,20.300833333333333,51.38138888888889
lowOutdated,12,1215,2134,KRAK,149190260,OSIELEC,19.739166666666666,49.68333333333333
lowOutdated,10,1017,181,POZN,151180100,OSJAKÓW,18.785,51.285555555555554
low,12,1213,2132,KRAK,150190160,OŚWIĘCIM,19.21861111111111,50.04
lowOutdated,06,0601,2671448,KRAK,152230050,PERKOWICE,23.285,51.99638888888889
low,02,0206,16,WROC,150150050,PIECHOWICE,15.588333333333335,50.85
low,02,0212,16,WROC,150150060,PILCHOWICE,15.640555555555554,50.96388888888889
low,30,3019,1886,POZN,153160180,PIŁA,16.739444444444445,53.151111111111106
low,10,1011,1832,POZN,151180160,PODDĘBICE,18.949444444444445,51.891666666666666
lowOutdated,10,1003,182,POZN,151180140,PODGÓRZE,18.943055555555556,51.465
low,02,0206,16,WROC,150150190,PODGÓRZYN,15.68361111111111,50.82027777777778
low,26,2612,2178,KRAK,150210100,POŁANIEC,21.285,50.43472222222222
low,08,0802,17,WROC,152140130,POŁĘCKO,14.892222222222221,52.052499999999995
low,02,0225,174,WROC,150140010,PORAJÓW,14.821388888888889,50.88722222222222
low,12,1217,2141,KRAK,149200010,PORONIN,20.003055555555555,49.33722222222222
lowOutdated,06,0601,267144,KRAK,152230020,POROSIUKI,23.058611111111112,52.019999999999996
low,30,3010,183,POZN,152180060,POSOKA,18.222499999999997,52.20305555555556
low,28,2805,2628,SOWR,153220080,PROSTKI,22.439166666666665,53.70055555555556
low,22,2204,48,GDYN,154180260,PRUSZCZ GDAŃSKI_Kanał,18.63,54.25333333333333
low,24,2401,212,KRAK,150190120,PRZECZYCE,19.17777777777778,50.42722222222222
low,10,1012,254,SOWR,151190090,PRZEDBÓRZ,19.875,51.089444444444446
low,18,1862,223,KRAK,149220190,PRZEMYŚL,22.76722222222222,49.78472222222222
low,08,0811,174,WROC,151140030,PRZEWOŹNIKI,14.821666666666667,51.525277777777774
low,18,1807,226,KRAK,149210150,PUŁAWY,21.906666666666666,49.49
low,06,0614,23,KRAK,151210190,PUŁAWY-AZOTY,21.945555555555554,51.445277777777775
low,18,1803,218,KRAK,150210130,PUSTKÓW,21.465,50.14333333333333
low,24,2405,116,WROC,150180170,PYSKOWICE,18.58888888888889,50.38638888888889
low,12,1211,2138,KRAK,149190340,RABKA 2,19.948888888888888,49.61361111111111
low,24,2411,115,WROC,150180060,RACIBÓRZ-MIEDONIA,18.22972222222222,50.121944444444445
low,20,2012,2622,SOWR,153220240,RACZKI,22.78611111111111,53.990833333333335
low,24,2475,212,KRAK,150190080,RADOCHA,19.140277777777776,50.26083333333333
low,18,1818,229,KRAK,150210210,RADOMYŚL,21.930833333333336,50.67361111111111
low,12,1206,213,KRAK,149190270,RADZISZÓW,19.80888888888889,49.94
low,24,2417,2132,KRAK,149190050,RAJCZA,19.116388888888892,49.513888888888886
low,26,2604,2178,KRAK,150210010,RAKÓW,21.02861111111111,50.67611111111111
low,14,1407,252,SOWR,151210060,ROGOŻEK,21.358611111111113,51.635555555555555
low,18,1818,229,KRAK,150220020,RUDA JASTKOWSKA,22.139722222222222,50.597500000000004
low,06,0603,267143,KRAK,151230050,RUDA-OPALIN,23.584722222222222,51.25666666666667
low,12,1213,2134,KRAK,149190160,RUDZE,19.4425,49.961666666666666
low,24,2473,115,WROC,150180130,RYBNIK-STODOŁY,18.483055555555556,50.15416666666667
low,18,1813,224,KRAK,149220160,RYBOTYCZE,22.638333333333332,49.654444444444444
low,26,2611,234,KRAK,150210040,RZEPIN,21.091944444444444,50.97277777777778
low,18,1863,226,KRAK,150220010,RZESZÓW,22.015555555555554,50.03972222222222
low,18,1808,227,KRAK,150220070,RZUCHÓW,22.501944444444444,50.246944444444445
low,02,0226,138,WROC,151160020,RZYMÓWKA,16.025555555555556,51.13944444444444
low,26,2609,219,KRAK,150210170,SANDOMIERZ,21.746111111111112,50.6725
low,22,2206,298,GDYN,154180010,SARNOWY,18.016111111111112,54.07277777777778
low,08,0805,17,WROC,152140110,SĄDÓW,14.8475,52.21944444444445
low,20,2005,261,SOWR,152230120,SIEMIANÓWKA,23.75722222222222,52.94027777777777
low,06,0613,248,KRAK,151220110,SIEMIEŃ,22.778333333333332,51.643055555555556
low,18,1807,226,KRAK,149210160,SIENIAWA,21.93,49.56777777777778
low,10,1014,183,POZN,151180080,SIERADZ,18.741944444444446,51.6
low,12,1201,213,KRAK,150200060,SIEROSŁAWICE,20.456666666666667,50.13194444444444
low,14,1427,2756,SOWR,152190110,SIERPC,19.670833333333334,52.856944444444444
low,22,2212,472,GDYN,154170030,SKARSZÓW DOLNY,17.11861111111111,54.365
lowOutdated,12,1215,2134,KRAK,149190220,SKAWICA DOLNA,19.66361111111111,49.68611111111111
low,24,2403,211,KRAK,149180100,SKOCZÓW,18.791666666666668,49.80333333333333
low,16,1609,12,WROC,150170140,SKOROGOSZCZ,17.675,50.761944444444445
low,08,0805,17,WROC,152140050,SŁUBICE,14.555555555555557,52.34805555555556
low,06,0609,246,KRAK,151220100,SOBIANOWICE,22.688055555555557,51.30166666666666
low,22,2201,472,GDYN,154170120,SOSZYCA,17.579722222222223,54.25
low,12,1211,2141,KRAK,149200140,SROMOWCE WYŻNE,20.35388888888889,49.400555555555556
low,16,1611,118,WROC,150180100,STANISZCZE WIELKIE,18.342499999999998,50.663333333333334
low,32,3214,198,POZN,153150010,STARGARD,15.040833333333333,53.35027777777778
low,08,0802,16,WROC,152150020,STARY RADUSZEC,15.07861111111111,52.03638888888889
low,26,2612,2178,KRAK,150210060,STASZÓW,21.173055555555557,50.55638888888888
low,22,2205,48,GDYN,154179991,STĘŻYCA,17.954444444444444,54.20666666666667
low,20,2002,261,SOWR,153220130,STRĘKOWA GÓRA,22.538611111111113,53.219722222222224
low,12,1209,2138,KRAK,149190310,STRÓŻA,19.924722222222222,49.79694444444444
low,06,0604,267143,KRAK,150240010,STRZYŻÓW,24.035833333333336,50.839444444444446
low,18,1801,221,KRAK,149220180,STUPOSIANY,22.683611111111112,49.18583333333333
low,12,1215,2134,KRAK,149190210,SUCHA BESKIDZKA,19.608611111111113,49.739444444444445
low,10,1010,254,SOWR,151190100,SULEJÓW-KOPALNIA,19.88611111111111,51.343611111111116
low,20,2002,2616,SOWR,153230110,SUPRAŚL,23.33833333333333,53.212500000000006
low,06,0606,24,KRAK,150230060,SURHÓW,23.268055555555556,50.93694444444444
low,22,2202,292,GDYN,153170060,SWORNEGACIE,17.498333333333335,53.859722222222224
low,22,2202,292,GDYN,153170070,SWORNEGACIE,17.509444444444444,53.8825
low,24,2475,212,KRAK,150190070,SZABELNIA,19.136666666666667,50.25944444444445
low,02,0208,12,WROC,150160110,SZALEJÓW DOLNY,16.604722222222225,50.41972222222222
low,18,1817,222,KRAK,149220020,SZCZAWNE,22.150277777777777,49.40361111111111
low,12,1204,217,KRAK,150210020,SZCZUCIN,21.077222222222222,50.32694444444445
low,20,2001,262,SOWR,153230070,SZTABIN,23.116388888888892,53.67194444444444
low,02,0226,138,WROC,151150170,ŚWIERZAWA,15.887777777777778,51.01777777777777
low,06,0615,248,KRAK,151220080,TCHÓRZEW,22.55611111111111,51.67916666666667
low,18,1821,221,KRAK,149220100,TERKA,22.429166666666667,49.29972222222222
low,02,0208,12,WROC,150160080,TŁUMACZÓW,16.43611111111111,50.551944444444445
low,18,1805,218,KRAK,149210060,TOPOLINY,21.443333333333335,49.724722222222226
low,04,0463,291,GDYN,153180090,TORUŃ,18.6075,53.007777777777775
low,06,0617,24,KRAK,151230010,TRAWNIKI,23.00111111111111,51.13861111111111
low,12,1211,2141,KRAK,149200110,TRYBSZ 2,20.1175,49.41777777777777
low,18,1814,226,KRAK,150220080,TRYŃCZA,22.547222222222224,50.16222222222222
lowOutdated,32,3205,42,GDYN,154150010,TRZEBIATÓW,15.260833333333334,54.06361111111111
low,12,1211,2141,KRAK,149200150,TYLMANOWA,20.386944444444445,49.51722222222222
low,24,2417,2132,KRAK,149190040,UJSOŁY,19.11722222222222,49.4925
low,30,3019,1885,POZN,153160170,UJŚCIE,16.730277777777776,53.05472222222222
low,24,2403,211,KRAK,149180110,USTROŃ-OBŁAZIEC,18.85027777777778,49.68055555555555
low,12,1205,218,KRAK,149210200,UŚCIE GORLICKIE-ZDYNIA,21.14361111111111,49.5175
low,14,1465,25,SOWR,152210170,WARSZAWA-BULWARY,21.020833333333332,52.24722222222222
low,14,1465,25,SOWR,152210040,WARSZAWA-NADWILANÓWKA,21.108055555555556,52.186388888888885
low,26,2611,234,KRAK,151210010,WĄCHOCK,21.01888888888889,51.075833333333335
low,30,3021,185,POZN,152170030,WIERZENICA,17.07138888888889,52.45916666666667
low,32,3217,18865994,POZN,153160110,WIESIÓŁKA,16.612222222222222,53.27166666666667
low,06,0606,24,KRAK,150230020,WIRKOWICE,23.098888888888887,50.86611111111111
low,24,2403,211,KRAK,149180140,WISŁA,18.90083333333333,49.63194444444444
low,24,2403,211,KRAK,149180160,WISŁA-CZARNE,18.91861111111111,49.61888888888889
low,24,2403,211,KRAK,149180180,WISŁA-CZARNE (Biała Wisełka),18.935555555555556,49.61805555555556
low,24,2403,211,KRAK,149180200,WISŁA-CZARNE (Czarna Wisełka),18.926111111111112,49.6075
low,06,0614,23,KRAK,151220040,WITOWICE,22.08611111111111,51.409166666666664
low,26,2604,234,KRAK,150210220,WŁOCHY,21.146944444444443,50.9075
low,04,0464,277,SOWR,152190030,WŁOCŁAWEK,19.069444444444443,52.663333333333334
low,06,0619,267143,KRAK,151230040,WŁODAWA,23.56638888888889,51.55138888888889
low,14,1417,256,SOWR,152210070,WÓLKA MLĄDZKA,21.330277777777777,52.13916666666667
low,14,1420,271,SOWR,152200150,WYCHÓDŹC,20.422777777777778,52.39388888888889
low,30,3019,1884,POZN,153170040,WYRZYSK,17.270833333333332,53.15083333333333
lowOutdated,14,1435,267149,SOWR,152210090,WYSZKÓW,21.452777777777776,52.58833333333334
low,14,1419,271,SOWR,152200030,WYSZOGRÓD,20.193055555555556,52.38472222222222
low,30,3217,18865994,POZN,153160190,ZABRODZIE,16.748333333333335,53.257222222222225
low,18,1817,222,KRAK,149220050,ZAGÓRZ,22.26888888888889,49.513333333333335
low,06,0620,24,KRAK,150220120,ZAKŁODZIE,22.860000000000003,50.7575
low,12,1217,2141,KRAK,149190320,ZAKOPANE-DOL.STRĄŻYSKA,19.935555555555556,49.27611111111111
low,12,1217,2141,KRAK,149190380,ZAKOPANE-HARENDA,19.9775,49.316111111111105
low,14,1426,267148,SOWR,152220010,ZALIWIE-PIEGAWKI,22.09472222222222,52.253055555555555
low,18,1804,2256,KRAK,150220130,ZAPAŁÓW,22.89,50.10055555555556
low,20,2061,2616,SOWR,153230060,ZAWADY,23.10666666666667,53.16027777777778
low,20,2002,261,SOWR,153220180,ZAWADY ,22.67361111111111,53.15694444444444
low,26,2609,23,KRAK,150210190,ZAWICHOST,21.863055555555558,50.80583333333333
low,12,1215,2134,KRAK,149190190,ZAWOJA,19.53527777777778,49.64055555555556
low,18,1807,218,KRAK,149210100,ZBOISKA,21.698333333333334,49.574444444444445
lowOutdated,20,2009,64,SOWR,154230040,ZELWA,23.45861111111111,54.026944444444446
low,12,1216,2149,KRAK,149200280,ZGŁOBICE,20.879722222222224,49.975
low,02,0225,174,WROC,151140060,ZGORZELEC,14.993611111111111,51.16111111111111
low,02,0225,174,WROC,151150010,ZGORZELEC,15.020555555555557,51.130833333333335
low,12,1216,2149,KRAK,150200170,ŻABNO,20.861944444444447,50.13194444444444
low,08,0810,16,WROC,151150080,ŻAGAŃ,15.315833333333334,51.61805555555556
low,08,0810,16,WROC,151150070,ŻAGAŃ,15.289722222222222,51.61388888888889
low,18,1819,226,KRAK,149210130,ŻARNOWA,21.8175,49.87777777777778
low,02,0208,12,WROC,150160200,ŻELAZNO,16.67388888888889,50.37305555555555
low,32,3206,197432,POZN,153140100,ŻELEWO,14.863333333333333,53.277499999999996
low,18,1805,218,KRAK,149210070,ŻÓŁKÓW,21.459166666666665,49.730000000000004
low,24,2417,2132,KRAK,149190100,ŻYWIEC,19.193333333333335,49.686388888888885
medium,28,2818,582,SOWR,154220010,BANIE MAZURSKIE,22.029722222222222,54.24777777777778
medium,02,0206,16,WROC,150150040,BARCINEK,15.60388888888889,50.943888888888885
medium,22,2209,54,GDYN,153190040,BĄGART,19.36916666666667,53.96611111111111
medium,14,1415,2654,SOWR,153210070,BIAŁOBRZEG BLIŻSZY,21.47861111111111,53.108333333333334
medium,20,2001,2622,SOWR,153220280,BIAŁOBRZEGI,22.96638888888889,53.80416666666667
medium,14,1401,254,SOWR,151200120,BIAŁOBRZEGI,20.95111111111111,51.6575
medium,02,0217,1336,WROC,150160250,BIAŁOBRZEZIE,16.892222222222223,50.80222222222222
medium,32,3201,44,GDYN,154150050,BIAŁOGARD,15.97638888888889,54.003055555555555
medium,20,2005,261,SOWR,152230190,BIAŁOWIEŻA-PARK,23.841388888888886,52.70138888888889
medium,10,1005,272,SOWR,152190100,BIELAWY,19.65,52.07361111111111
medium,32,3206,,POZN,152140010,BIELINEK,14.154166666666667,52.92916666666667
medium,24,,211,KRAK,150190050,BIERUŃ STARY,19.08861111111111,50.09277777777778
mediumOutdated,06,0617,24,KRAK,151220130,BISKUPICE,22.94527777777778,51.155
medium,08,0803,1878,POZN,152150100,BLEDZEW,15.421111111111111,52.5175
medium,02,0207,16,WROC,150150130,BŁAŻKOWA,15.986388888888888,50.739444444444445
medium,22,2213,294,GDYN,153180050,BŁĘDNO,18.34722222222222,53.70166666666667
medium,10,1012,181,POZN,151190060,BOBRY,19.405277777777776,51.025277777777774
medium,26,2602,216,KRAK,150200020,BOCHENIEC,20.311666666666667,50.802499999999995
medium,20,2003,267146,SOWR,152230010,BOĆKI,23.03805555555556,52.651666666666664
medium,02,0225,174,WROC,150140100,BOGATYNIA,14.995,50.89222222222222
medium,30,3017,14,WROC,151170060,BOGDAJ,17.56416666666667,51.51611111111111
mediumOutdated,30,3020,184,POZN,151170110,BOGUSŁAW,17.953611111111112,51.89833333333333
medium,22,2215,47,GDYN,154180070,BOLSZEWO,18.166666666666668,54.61083333333333
medium,14,1414,268,SOWR,152200120,BORKOWO,20.665555555555553,52.56166666666666
medium,28,2802,56,GDYN,154200010,BORNITY,20.047777777777778,54.18583333333333
medium,02,0217,1336,WROC,150160280,BORÓW,16.990555555555556,50.888888888888886
medium,22,2205,48,GDYN,154180230,BORUCINO,17.996111111111112,54.25277777777778
medium,22,2206,298,GDYN,153180030,BOŻEPOLE SZLACHECKIE,18.231111111111108,53.97638888888889
medium,16,1602,112,WROC,150170160,BRANICE,17.769444444444442,50.051111111111105
medium,28,2802,56,GDYN,154190140,BRANIEWO,19.82638888888889,54.384166666666665
medium,22,2214,298,GDYN,153180110,BRODY POMORSKIE,18.760277777777777,53.858333333333334
mediumOutdated,20,2012,64,SOWR,154220090,BRÓD STARY,22.880555555555556,54.13444444444444
medium,24,2413,212,KRAK,150190010,BRYNICA,19.000555555555554,50.472500000000004
medium,16,1601,13,WROC,150170090,BRZEG,17.46944444444444,50.86555555555556
medium,02,0222,13,WROC,151160170,BRZEG DOLNY,16.726666666666667,51.260555555555555
mediumOutdated,02,0211,138,WROC,151160040,BUKOWNA,16.046944444444446,51.309999999999995
medium,02,0207,16,WROC,150150120,BUKÓWKA,15.9575,50.71277777777778
medium,20,2007,262,SOWR,153220100,BURZYN,22.459166666666665,53.274166666666666
medium,28,2808,5848,SOWR,154210030,BYKOWO,21.110555555555557,54.220555555555556
medium,02,0208,12,WROC,150160150,BYSTRZYCA KŁODZKA,16.648611111111112,50.296388888888885
medium,02,0208,12,WROC,150160170,BYSTRZYCA KŁODZKA,16.648333333333333,50.29361111111111
medium,22,2212,476,GDYN,154170110,CECENOWO,17.56416666666667,54.654444444444444
medium,22,2212,472,GDYN,154160140,CHARNOWO,16.927500000000002,54.54611111111111
medium,30,3002,1889,POZN,152150230,CHEŁST,15.949166666666667,52.82916666666667
medium,20,2003,261,SOWR,152230030,CHRABOŁY,23.195833333333333,52.86222222222222
medium,02,0221,134,WROC,150160030,CHWALISZÓW,16.233055555555556,50.87777777777778
medium,22,2212,46,GDYN,154160130,CIECHOLUB,16.901944444444442,54.16583333333333
medium,24,2403,114,WROC,149180070,CIESZYN,18.63138888888889,49.74611111111111
medium,08,0809,15,WROC,152150130,CIGACICE,15.6075,52.033055555555556
mediumOutdated,18,1821,221,KRAK,149220080,CISNA,22.333333333333332,49.213055555555556
medium,14,1403,25,SOWR,151210070,CYGANÓWKA,21.450277777777778,51.86194444444445
mediumOutdated,20,2004,262,SOWR,153220090,CZACHY,22.44611111111111,53.378055555555555
medium,32,3203,1888,POZN,153160040,CZAPLINEK,16.22611111111111,53.56083333333333
medium,14,1415,265,SOWR,152210100,CZARNOWO,21.537222222222223,52.88333333333333
medium,24,2402,211,KRAK,149180250,CZECHOWICE-DZIEDZICE,18.98638888888889,49.91361111111111
medium,12,1206,213,KRAK,149190230,CZERNICHÓW-PROM,19.663055555555555,49.981388888888894
medium,26,2604,2164,KRAK,150200160,DALESZYCE,20.813055555555557,50.80083333333333
medium,32,3213,46,GDYN,154160150,DARŁOWO,16.380277777777778,54.439166666666665
medium,10,1010,254,SOWR,151190120,DĄBROWA,19.971666666666664,51.31388888888888
medium,12,1209,2138,KRAK,149200090,DOBCZYCE,20.08611111111111,49.88361111111111
medium,16,1605,117,WROC,150170220,DOBRA,17.896944444444443,50.448055555555555
medium,20,2007,264,SOWR,153210220,DOBRYLAS,21.864722222222223,53.28583333333333
medium,32,3210,1912,POZN,152140100,DOLSK,14.843055555555557,52.80277777777778
medium,16,1606,132,WROC,150170200,DOMARADZ,17.864444444444445,50.95416666666667
medium,30,3002,1888,POZN,152150240,DRAWINY,15.977777777777778,52.885555555555555
medium,32,3208,43,GDYN,153150070,DROZDOWO,15.564722222222223,53.99916666666667
medium,02,0202,134,WROC,150160140,DZIERŻONIÓW,16.64611111111111,50.725833333333334
medium,32,3207,35,GDYN,153140070,DZIWNÓW,14.731666666666667,54.02055555555555
medium,28,2804,54,GDYN,154190060,ELBLĄG,19.387777777777778,54.17194444444444
medium,04,0405,28,GDYN,153180140,ELGISZEWO,18.928333333333335,53.06083333333333
medium,28,2805,2628,SOWR,153220060,EŁK ,22.383333333333333,53.83166666666667
medium,22,2201,472,GDYN,154170070,GAŁĄŹNIA MAŁA,17.301666666666666,54.288333333333334
mediumOutdated,22,2212,474,GDYN,154170050,GARDNA WIELKA,17.16472222222222,54.63916666666667
medium,22,2261,299,GDYN,154180190,GDAŃSK - PRZEGALINA,18.929166666666667,54.31055555555555
medium,22,2261,299,GDYN,154180200,GDAŃSK - ŚWIBNO,18.935555555555556,54.33638888888889
medium,22,2210,299,GDYN,154180220,GDAŃSKA GŁOWA ,18.95138888888889,54.26694444444444
medium,22,2262,47,GDYN,154180120,GDYNIA,18.55527777777778,54.51777777777777
medium,04,0409,1882,POZN,152180010,GĘBICE,18.033333333333335,52.60055555555556
medium,02,0203,15,WROC,151160060,GŁOGÓW,16.059166666666666,51.67388888888889
medium,18,1803,218,KRAK,150210110,GŁOWACZOWA,21.3125,50.04972222222222
medium,30,3064,185,POZN,152160150,GŁUSZYNA,16.953333333333333,52.316944444444445
medium,02,0223,134,WROC,150160290,GNIECHOWICE,16.829166666666666,50.987500000000004
medium,32,3214,198,POZN,153150040,GOGOLEWO,15.1725,53.3825
medium,28,2818,582,SOWR,154220110,GOŁDAP 2,22.311944444444446,54.312777777777775
medium,12,1205,218,KRAK,149210020,GORLICE,21.17027777777778,49.65472222222222
medium,04,0409,1882,POZN,152180020,GORYSZEWO,18.03527777777778,52.62694444444445
medium,16,1608,184,POZN,151180070,GORZÓW ŚLĄSKI,18.434444444444445,51.03527777777778
medium,08,0801,189,POZN,152150040,GORZÓW WIELKOPOLSKI,15.253055555555555,52.730000000000004
medium,08,0806,1889,POZN,152150140,GOŚCIMIEC,15.638333333333334,52.775555555555556
medium,32,3206,,POZN,152140020,GOZDOWICE,14.317777777777778,52.76416666666667
medium,10,1003,182,POZN,151180180,GRABNO,18.985277777777778,51.458333333333336
medium,32,3213,46,GDYN,154160060,GRABOWO,16.4375,54.29833333333333
medium,16,1603,115,WROC,150180080,GRABÓWKA,18.27583333333333,50.28444444444444
medium,18,1820,219,KRAK,150210200,GRĘBÓW,21.911944444444444,50.575833333333335
medium,20,2002,2616,SOWR,153230160,GRÓDEK,23.671666666666667,53.095
medium,32,3206,,GDYN,153140030,GRYFINO,14.484444444444444,53.25694444444444
medium,20,2011,262,SOWR,153230130,HARASIMOWICZE,23.448888888888888,53.6625
medium,14,1410,267145,SOWR,152220060,HRUSZEW,22.720277777777778,52.32055555555556
medium,28,2815,28,GDYN,153200010,IDZBARK,20.03388888888889,53.67222222222222
medium,08,0810,16,WROC,151150030,IŁOWA,15.198333333333334,51.503055555555555
mediumOutdated,14,1426,267148,SOWR,152210140,JAGODNE,21.978055555555553,52.20166666666667
medium,02,0206,16,WROC,150150030,JAKUSZYCE,15.44,50.822500000000005
medium,26,2613,254,SOWR,150190350,JANUSZEWICE,19.960833333333333,50.94166666666666
medium,02,0264,134,WROC,151160190,JARNOŁTÓW,16.842777777777776,51.12166666666667
mediumOutdated,22,2201,474,GDYN,154170140,JASIEŃ,17.613611111111112,54.28944444444444
medium,12,1213,211,KRAK,149190060,JAWISZOWICE,19.121944444444445,49.972500000000004
medium,02,0205,138,WROC,151160090,JAWOR,16.189722222222223,51.04833333333333
medium,02,0261,16,WROC,150150070,JELENIA GÓRA,15.722222222222223,50.89861111111111
medium,02,0261,16,WROC,150150080,JELENIA GÓRA,15.721388888888889,50.91083333333333
medium,02,0221,134,WROC,150160060,JUGOWICE,16.403333333333332,50.73305555555556
medium,28,2818,582,SOWR,154220050,JURKISZKI,22.368055555555557,54.30916666666666
medium,28,2814,56,GDYN,153200030,KALISTY,20.195833333333333,53.91722222222222
medium,24,2417,2132,KRAK,149190020,KAMESZNICA,19.06972222222222,49.56805555555556
medium,02,0207,16,WROC,150160010,KAMIENNA GÓRA,16.03611111111111,50.78638888888889
medium,16,1609,132,WROC,150170150,KARŁOWICE,17.721666666666664,50.87861111111111
medium,20,2011,262,SOWR,153230020,KARPOWICZE,23.043333333333337,53.58527777777778
medium,10,1015,2726,SOWR,152200010,KĘSZYCE,20.13138888888889,52.13583333333333
medium,20,2012,68,SOWR,154220100,KLESZCZÓWEK,22.910555555555554,54.270833333333336
medium,24,2472,116,WROC,150180250,KŁODNICA,18.86416666666667,50.236666666666665
medium,02,0208,12,WROC,150160180,KŁODZKO,16.65861111111111,50.442499999999995
medium,10,1010,254,SOWR,151190080,KŁUDZICE,19.781944444444445,51.34916666666667
medium,30,3009,183,POZN,152180120,KOŁO,18.634444444444444,52.195277777777775
medium,32,3208,44,GDYN,154150030,KOŁOBRZEG,15.553333333333335,54.18666666666666
medium,30,3010,183,POZN,152180160,KONIN-MORZYSŁAW,18.29416666666667,52.230555555555554
medium,12,1211,2141,KRAK,149190280,KONIÓWKA,19.818055555555556,49.39555555555555
medium,26,2609,219,KRAK,150210160,KOPRZYWNICA,21.573055555555555,50.59583333333334
medium,02,0220,146,WROC,151160200,KORZEŃSKO,16.8725,51.53916666666667
medium,08,0801,189,POZN,152140070,KOSTRZYN NAD ODRĄ,14.662222222222223,52.581944444444446
medium,08,0801,,POZN,152140060,KOSTRZYN NAD ODRĄ,14.610555555555555,52.59916666666667
medium,32,3261,45,GDYN,154160030,KOSZALIN,16.18888888888889,54.18555555555555
medium,12,1263,2149,KRAK,149200320,KOSZYCE WIELKIE,20.949444444444445,49.99722222222222
medium,30,3016,186,POZN,152160110,KOWANÓWKO,16.836666666666666,52.66861111111111
medium,16,1603,117,WROC,150180030,KOŹLE,18.146666666666665,50.35194444444445
medium,12,1261,213,KRAK,150190340,KRAKÓW-BIELANY,19.843333333333334,50.040277777777774
medium,16,1605,117,WROC,150170240,KRAPKOWICE,17.968055555555555,50.477222222222224
medium,14,1411,2658,SOWR,153210020,KRASNOSIELC,21.154444444444444,53.03527777777778
medium,30,3018,184,POZN,151180060,KRASZEWICE,18.224999999999998,51.51916666666666
medium,04,0414,294,GDYN,153180060,KRĄPLEWICE,18.380833333333335,53.489444444444445
medium,28,2809,56,GDYN,154200020,KROSNO,20.172777777777778,54.130833333333335
medium,14,1432,272,SOWR,152200090,KRUBICE,20.451666666666664,52.23972222222222
medium,16,1606,132,WROC,150170210,KRZYWA GÓRA,17.878611111111113,50.86083333333333
medium,30,3002,1887,POZN,152160010,KRZYŻ,16.001666666666665,52.861666666666665
medium,02,0220,136,WROC,151170010,KRZYŻANOWICE,17.047500000000003,51.17111111111111
medium,20,2008,261,SOWR,153220230,KULESZE-CHOBOTKI,22.764722222222222,53.24166666666667
medium,28,2812,28,GDYN,153190130,KULIGI,19.690833333333334,53.42944444444444
medium,12,1205,218,KRAK,149210180,KUNKOWA,21.12527777777778,49.549166666666665
medium,10,1018,184,POZN,151180030,KUŹNICA SKAKAWSKA,18.131666666666668,51.27972222222222
medium,22,2207,52,GDYN,153180130,KWIDZYN,18.911388888888887,53.72222222222222
medium,12,1213,213,KRAK,150190360,LAS,19.38222222222222,50.035555555555554
medium,30,3023,183,POZN,152170130,LĄD,17.88611111111111,52.203611111111115
medium,16,1603,116,WROC,150180070,LENARTOWICE,18.235555555555557,50.3575
medium,02,0210,166,WROC,151150060,LEŚNA,15.286666666666667,51.02833333333333
medium,28,2803,28,GDYN,153190150,LIDZBARK,19.81861111111111,53.266666666666666
medium,02,0219,134,WROC,150160070,LUBACHÓW,16.43111111111111,50.76583333333333
medium,14,1402,268,SOWR,152200100,LUBERADZ,20.47722222222222,52.76138888888889
medium,08,0804,156,WROC,151150190,LUBIATÓW,15.970555555555556,51.92111111111111
medium,12,1209,2138,KRAK,149190370,LUBIEŃ,19.97833333333333,49.719722222222224
medium,12,1211,2141,KRAK,149190390,LUDŹMIERZ,19.986666666666668,49.45944444444445
medium,12,1211,2141,KRAK,149190360,LUDŹMIERZ,19.975555555555555,49.468611111111116
medium,12,1210,2149,KRAK,149200270,ŁABOWA,20.85888888888889,49.52638888888889
medium,10,1003,182,POZN,151190030,ŁASK,19.121944444444445,51.596944444444446
medium,24,2415,114,WROC,149180030,ŁAZISKA,18.443055555555556,49.92444444444444
medium,02,0213,14,WROC,151170040,ŁĄKI,17.14638888888889,51.49305555555556
medium,10,1005,272,SOWR,152199992,ŁOWICZ,19.960277777777776,52.11
medium,28,2802,56,GDYN,154190170,ŁOZY,19.950833333333332,54.19472222222222
medium,22,2212,474,GDYN,154170080,ŁUPAWA,17.415555555555553,54.419444444444444
medium,08,0805,17,WROC,152140080,MACZKÓW,14.744444444444444,52.275
medium,14,1411,2658,SOWR,152210030,MAKÓW MAZOWIECKI,21.106944444444444,52.86083333333333
medium,02,0218,13,WROC,151160150,MALCZYCE,16.489722222222223,51.22666666666667
medium,06,0601,267144,KRAK,152230070,MALOWA GÓRA,23.467499999999998,52.103611111111114
medium,14,1416,267147,SOWR,152229999,MAŁKINIA,22.016111111111112,52.674166666666665
medium,02,0223,134,WROC,150160160,MIETKÓW,16.650555555555552,50.968333333333334
medium,30,3014,187,POZN,152150200,MIĘDZYCHÓD,15.886111111111111,52.60416666666667
medium,14,1403,25,SOWR,151210110,MIKA,21.75611111111111,51.67333333333333
medium,10,1018,184,POZN,151180040,MIRKÓW,18.154722222222222,51.315555555555555
medium,02,0212,166,WROC,150150020,MIRSK,15.383888888888889,50.986666666666665
medium,26,2602,216,KRAK,150200010,MNISZEK,20.285,50.7275
medium,32,1424,198,POZN,153150020,MORZYCA,15.146944444444443,53.20861111111111
medium,30,3021,1856,POZN,152160130,MOSINA,16.85638888888889,52.248333333333335
medium,02,0202,134,WROC,150160130,MOŚCISKO,16.584166666666665,50.78194444444444
medium,04,0403,292,GDYN,153170110,MOTYL,17.826666666666668,53.42805555555555
medium,24,2404,181,POZN,150190220,MSTÓW,19.28888888888889,50.83111111111111
medium,12,1207,2138,KRAK,149200060,MSZANA DOLNA,20.059166666666666,49.658055555555556
medium,14,1415,265,SOWR,153210040,MYSZYNIEC,21.340833333333332,53.38638888888889
medium,32,3210,1912,POZN,152140120,MYŚLIBÓRZ,14.862222222222222,52.921388888888885
mediumOutdated,32,3217,18865994,POZN,153160070,NADARZYCE,16.495833333333334,53.465833333333336
medium,16,1606,136,WROC,151170090,NAMYSŁÓW,17.71,51.08027777777778
medium,20,2005,261,SOWR,152230100,NAREWKA,23.725277777777777,52.863055555555555
medium,24,2411,115,WROC,150180090,NĘDZA,18.310555555555556,50.157777777777774
medium,10,1014,181,POZN,151180090,NIECHMIRÓW,18.76222222222222,51.38805555555555
medium,12,1211,2141,KRAK,149200120,NIEDZICA,20.302222222222223,49.41138888888889
medium,16,1609,12,WROC,150170120,NIEMODLIN,17.624444444444446,50.64555555555555
medium,26,2607,234,KRAK,150210080,NIETULISKO DUŻE,21.241944444444446,50.97888888888889
medium,24,2407,181,POZN,150180210,NIWKI,18.662499999999998,50.82083333333334
medium,30,3030,185,POZN,152170060,NOWA WIEŚ PODGÓRNA,17.589444444444442,52.141666666666666
medium,14,1416,267147,SOWR,152210130,NOWE KACZKOWO,21.955555555555556,52.72833333333333
medium,14,1406,254,SOWR,151200090,NOWE MIASTO,20.573333333333334,51.60916666666667
medium,28,2804,55,GDYN,154190110,NOWE SADŁUKI,19.711666666666666,54.26027777777778
medium,02,0201,166,WROC,151150100,NOWOGRODZIEC,15.395833333333332,51.20305555555556
medium,20,2007,265,SOWR,153210210,NOWOGRÓD,21.86527777777778,53.22666666666667
medium,08,0809,16,WROC,151150040,NOWOGRÓD BOBRZAŃSKI,15.236944444444443,51.79861111111111
medium,18,1817,226,KRAK,149220010,NOWOSIELCE,22.070833333333333,49.566944444444445
medium,20,2002,2616,SOWR,153230170,NOWOSIÓŁKI,23.529999999999998,53.17333333333333
medium,28,2804,52,GDYN,154190040,NOWOTKI,19.3,54.2525
medium,22,2210,51,GDYN,154190010,NOWY DWÓR GDAŃSKI,19.113055555555558,54.214444444444446
medium,12,1262,2149,KRAK,149200260,NOWY SĄCZ,20.704722222222223,49.63527777777778
medium,30,3016,185,POZN,152160100,OBORNIKI,16.81361111111111,52.64361111111111
medium,22,2201,474,GDYN,154170230,OBROWO,17.599166666666665,54.26277777777778
medium,30,3017,14,WROC,151170070,ODOLANÓW,17.67,51.57555555555556
medium,30,3017,14,WROC,151170080,ODOLANÓW,17.67027777777778,51.57833333333333
medium,30,3031,1886,POZN,153160250,OKONEK,16.834999999999997,53.52472222222222
medium,32,3212,197432,POZN,153140110,OKUNICA,14.938055555555556,53.1975
medium,28,2862,584,SOWR,153200070,OLSZTYN-KORTOWO,20.471666666666664,53.756388888888885
medium,02,0215,1334,WROC,150170030,OŁAWA,17.29277777777778,50.94777777777777
medium,30,3017,184,POZN,151180010,OŁOBOK,18.06888888888889,51.63944444444444
medium,16,,117,WROC,150170290,OPOLE-GROSZOWICE,17.938333333333333,50.634166666666665
mediumOutdated,06,0606,24,KRAK,150230050,ORŁÓW DREWNIANY,23.196666666666665,50.915
medium,14,1414,,SOWR,152200130,ORZECHOWO,20.864444444444445,52.488055555555555
medium,02,0204,14,WROC,151160140,OSETNO,16.46,51.63194444444444
medium,22,2210,51,GDYN,154190030,OSŁONKA,19.244722222222222,54.265
medium,20,2008,2628,SOWR,153220160,OSOWIEC ,22.62666666666667,53.486666666666665
medium,20,2008,262,SOWR,153220170,OSOWIEC ,22.63861111111111,53.48305555555556
medium,14,1461,265,SOWR,153210090,OSTROŁĘKA,21.56277777777778,53.08388888888889
medium,28,2815,28,GDYN,153190170,OSTRÓDA,19.959444444444443,53.70277777777778
medium,02,0225,174,WROC,151150020,OSTRÓŻNO,15.03277777777778,51.020833333333336
medium,22,2205,48,GDYN,154180040,OSTRZYCE,18.11138888888889,54.256388888888885
medium,04,0401,279,GDYN,152180130,OTŁOCZYNEK,18.690277777777776,52.8975
medium,14,1403,25,SOWR,151210100,OZIEMKÓWKA,21.751666666666665,51.91638888888889
medium,04,0407,1881,POZN,152180030,PAKOŚĆ,18.093055555555555,52.8
medium,06,0613,248,KRAK,151220120,PARCZEW,22.908055555555553,51.6475
medium,14,1419,2756,SOWR,152190080,PARZEŃ,19.541111111111114,52.653888888888886
medium,28,2804,54,GDYN,154190100,PASŁĘK,19.66,54.07055555555556
medium,18,1817,226,KRAK,149210210,PASTWISKA,21.928333333333335,49.52222222222222
medium,24,2417,2132,KRAK,149190150,PEWEL MAŁA,19.305555555555557,49.65861111111111
medium,28,2801,584,SOWR,154200040,PIASECZNO,20.55027777777778,54.21944444444445
medium,14,1418,25,SOWR,152210020,PIASECZNO 2,21.039444444444445,52.06333333333333
medium,02,0209,138,WROC,151160100,PIĄTNICA,16.199166666666667,51.22777777777778
medium,20,2007,263,SOWR,153220010,PIĄTNICA-ŁOMŻA,22.093333333333334,53.19333333333333
medium,28,2802,56,GDYN,154190160,PIERZCHAŁY ,19.848888888888887,54.30083333333333
medium,28,2802,56,GDYN,154190150,PIERZCHAŁY_2,19.848888888888887,54.300555555555555
medium,32,3213,46,GDYN,154160100,PIESZCZ,16.76972222222222,54.45722222222223
medium,26,2608,216,KRAK,150200080,PIŃCZÓW,20.52027777777778,50.51416666666667
medium,30,3007,184,POZN,151180020,PIWONICE,18.107222222222223,51.72666666666667
medium,24,2401,212,KRAK,150190190,PIWOŃ,19.253333333333334,50.48305555555556
medium,08,0802,174,WROC,151140020,PLEŚNO,14.754444444444445,51.91555555555556
medium,20,2003,261,SOWR,152230040,PLOSKI,23.23222222222222,52.90222222222222
medium,24,2402,211,KRAK,149180230,PODKĘPIE,18.9775,49.89555555555555
medium,22,2208,476,GDYN,154170130,POGORZELICE,17.595277777777778,54.48833333333334
medium,18,1801,221,KRAK,149220140,POLANA,22.574166666666667,49.302499999999995
medium,12,1202,213,KRAK,150200100,POPĘDZYNKA,20.549444444444447,50.14138888888889
medium,24,2409,181,POZN,150190150,PORAJ,19.203888888888887,50.67333333333333
medium,30,3064,185,POZN,152160140,POZNAŃ-MOST ROCHA,16.94527777777778,52.40222222222222
medium,28,2808,5848,SOWR,154210020,PROSNA,21.086666666666666,54.23361111111111
medium,12,1201,2138,KRAK,149200170,PROSZÓWKI,20.438333333333333,49.99638888888889
medium,16,1610,117,WROC,150170110,PRUDNIK,17.58861111111111,50.31944444444445
medium,22,2204,48,GDYN,154180270,PRUSZCZ GDAŃSKI,18.630277777777778,54.25
medium,30,3016,186,POZN,152170040,PRUŚCE,17.098333333333333,52.77305555555555
medium,28,2819,582,SOWR,154210080,PRYNOWO,21.72,54.244166666666665
medium,20,2004,2628,SOWR,153220140,PRZECHODY,22.586388888888887,53.555
medium,08,0811,174,WROC,151140040,PRZEWÓZ,14.946944444444444,51.47222222222222
medium,28,2819,582,SOWR,154210060,PRZYSTAŃ,21.650277777777777,54.19083333333333
medium,24,2410,211,KRAK,149180220,PSZCZYNA,18.945833333333333,49.97916666666667
medium,20,2006,264,SOWR,153210170,PTAKI,21.792222222222225,53.393055555555556
medium,30,3031,1886,POZN,153160210,PTUSZA,16.79638888888889,53.36666666666667
medium,22,2211,47,GDYN,154180090,PUCK,18.410833333333333,54.722500000000004
mediumOutdated,12,1213,213,KRAK,150190170,PUSTYNIA,19.23638888888889,50.06333333333333
medium,24,2405,116,WROC,150180160,PYSKOWICE-DZIERŻNO,18.543055555555558,50.3825
medium,24,2405,116,WROC,150180150,PYSKOWICE-DZIERŻNO,18.543333333333337,50.37972222222222
medium,30,3030,183,POZN,152170080,PYZDRY,17.69527777777778,52.16777777777777
medium,16,1610,117,WROC,150170180,RACŁAWICE ŚLĄSKIE,17.78888888888889,50.31527777777777
mediumOutdated,32,3205,42,GDYN,153150050,RESKO,15.395277777777777,53.772777777777776
medium,02,0225,174,WROC,151140050,RĘCZYN,14.98,51.043055555555554
medium,12,1205,218,KRAK,149210010,ROPA,21.04638888888889,49.58583333333333
medium,06,0601,2671448,KRAK,151230020,ROSSOSZ,23.131944444444446,51.85777777777778
medium,24,2411,115,WROC,150180110,RUDA KOZIELSKA,18.401666666666664,50.20472222222222
medium,24,2473,115,WROC,150180140,RYBNIK,18.533055555555556,50.1025
medium,24,2473,115,WROC,150180280,RYBNIK-GOTARTOWICE,18.628611111111113,50.08555555555556
medium,04,0412,28,GDYN,153190060,RYPIN,19.40361111111111,53.06777777777778
medium,02,0209,138,WROC,151160080,RZESZOTARY,16.14472222222222,51.24888888888889
medium,28,2815,28,GDYN,153190140,SAMBOROWO,19.805833333333332,53.669444444444444
medium,08,0801,189,POZN,152150080,SANTOK,15.396666666666667,52.73361111111111
medium,08,0801,1889,POZN,152150090,SANTOK,15.417777777777777,52.73916666666667
medium,18,1808,227,KRAK,150220040,SARZYNA,22.3475,50.327222222222225
medium,28,2801,584,SOWR,154210010,SĘPOPOL,21.00583333333333,54.26611111111111
medium,32,3209,45,GDYN,154160040,SIANÓW,16.28388888888889,54.22277777777778
medium,02,0225,174,WROC,150140020,SIENIAWKA,14.836944444444445,50.896388888888886
medium,08,0803,187,POZN,152150110,SKWIERZYNA,15.500277777777777,52.60194444444445
medium,08,0804,156,WROC,151160260,SŁAWA ŚLĄSKA,16.075277777777778,51.88055555555555
medium,30,3010,183,POZN,152180050,SŁAWSK,18.133333333333333,52.19833333333333
medium,26,2661,2164,KRAK,150200090,SŁOWIK,20.53611111111111,50.83277777777778
medium,22,2263,472,GDYN,154170010,SŁUPSK,17.03111111111111,54.47
medium,28,2814,584,SOWR,154200030,SMOLAJNY,20.396944444444443,54.02583333333333
medium,12,1213,213,KRAK,150190260,SMOLICE,19.460277777777776,50.03111111111111
medium,08,0809,156,WROC,152150170,SMOLNO WIELKIE,15.774444444444445,52.07361111111111
medium,22,2212,474,GDYN,154170060,SMOŁDZINO,17.21472222222222,54.66166666666666
medium,04,0461,292,GDYN,153170140,SMUKAŁA,17.963055555555556,53.18805555555555
medium,20,2002,2616,SOWR,153230080,SOCHONIE,23.180555555555557,53.216944444444444
mediumOutdated,20,2002,2616,SOWR,153230140,SOKOŁDA,23.476388888888888,53.24722222222222
medium,02,0206,16,WROC,150150200,SOSNÓWKA,15.719166666666666,50.82222222222222
medium,28,2817,264,SOWR,153210050,SPYCHOWO,21.346666666666664,53.60861111111111
medium,32,3203,1888,POZN,153160030,STARE DRAWSKO,16.195,53.60166666666667
medium,32,3213,46,GDYN,154160070,STARY KRAKÓW,16.60638888888889,54.44222222222222
medium,12,1210,2142,KRAK,149200220,STARY SĄCZ,20.65972222222222,49.56861111111112
medium,32,3215,44,GDYN,153160080,STORKOWO,16.495,53.77916666666667
mediumOutdated,14,1420,268,SOWR,152200080,STRACHOWO,20.43861111111111,52.63055555555555
medium,12,1201,2138,KRAK,149200130,STRADOMKA,20.308333333333334,49.92055555555555
medium,22,2204,48,GDYN,154180180,SUCHY DĄB,18.731944444444444,54.231388888888894
medium,20,2002,261,SOWR,152220080,SURAŻ,22.955,52.94888888888889
medium,12,1211,2141,KRAK,149200020,SZAFLARY,20.02472222222222,49.424166666666665
medium,30,3024,187,POZN,152160080,SZAMOTUŁY,16.581666666666667,52.61222222222222
medium,20,2001,2622,SOWR,153220290,SZCZEBRA,22.975277777777777,53.90611111111111
medium,32,3262,197,GDYN,153140050,SZCZECIN MOST DŁUGI,14.559722222222224,53.4225
medium,32,3262,197,GDYN,153140190,SZCZECIN-PODJUCHY,14.592500000000001,53.36888888888889
medium,10,1001,182,POZN,151190020,SZCZERCÓW,19.113611111111112,51.32833333333333
medium,14,1415,265,SOWR,153210140,SZKWA,21.685833333333335,53.180277777777775
medium,08,0810,16,WROC,151150130,SZPROTAWA,15.555277777777778,51.56527777777777
medium,08,0810,16,WROC,151150120,SZPROTAWA,15.526666666666667,51.561388888888885
medium,14,1413,268,SOWR,153200020,SZREŃSK,20.128333333333334,53.00972222222222
medium,28,2814,5844,SOWR,153200090,SZYPRY,20.57361111111111,53.83555555555556
medium,02,0211,13,WROC,151160130,ŚCINAWA,16.443333333333335,51.40888888888889
medium,02,0223,1336,WROC,151160230,ŚLĘZA,16.985,51.0375
medium,30,3026,185,POZN,152170010,ŚREM,17.016111111111112,52.09305555555556
medium,02,0219,134,WROC,150160020,ŚWIEBODZICE,16.31361111111111,50.86027777777778
medium,08,0801,189,POZN,152150010,ŚWIERKOCIN,14.999444444444444,52.650555555555556
medium,32,3263,33,GDYN,153140010,ŚWINOUJŚCIE,14.264444444444445,53.90833333333333
medium,22,2214,299,GDYN,154180150,TCZEW,18.805555555555557,54.08722222222222
medium,04,0414,294,GDYN,153180040,TLEŃ,18.25777777777778,53.62
medium,28,2804,55,GDYN,154190090,TOLKMICKO,19.523055555555555,54.32333333333334
medium,28,2814,56,GDYN,153200040,TOMARYNY,20.206666666666667,53.736111111111114
medium,30,3023,183,POZN,152170150,TRĄBCZYN,17.97611111111111,52.13805555555555
medium,02,0223,13,WROC,151170030,TRESTNO,17.146944444444443,51.08222222222223
medium,14,1413,268,SOWR,152200020,TRZCINIEC,20.171944444444446,52.93055555555555
medium,32,3211,31,GDYN,153140040,TRZEBIEŻ,14.51888888888889,53.659166666666664
medium,20,2005,261,SOWR,152230060,TRZEŚCIANKA,23.425555555555558,52.93888888888888
medium,04,0416,292,GDYN,153170120,TUCHOLA,17.903333333333332,53.573055555555555
medium,22,2210,51,GDYN,154190020,TUJSK,19.138333333333332,54.284166666666664
medium,16,1609,118,WROC,150180020,TURAWA,18.076666666666668,50.73972222222222
medium,02,0225,174,WROC,150140030,TUROSZÓW,14.917777777777777,50.93888888888888
mediumOutdated,24,2405,115,WROC,150180120,TWORÓG MAŁY,18.466666666666665,50.25666666666667
medium,32,3201,44,GDYN,153160020,TYCHÓWKO,16.06527777777778,53.90083333333333
medium,16,1609,13,WROC,150170130,UJŚCIE NYSY KŁODZKIEJ,17.66111111111111,50.818333333333335
mediumOutdated,10,1011,183,POZN,151180110,UNIEJÓW,18.791111111111114,51.972500000000004
medium,22,2212,472,GDYN,154160110,USTKA,16.85388888888889,54.588055555555556
medium,12,1205,218,KRAK,149210190,UŚCIE GORLICKIE,21.140833333333333,49.51972222222222
medium,12,1218,2134,KRAK,149190180,WADOWICE,19.511111111111113,49.87722222222222
medium,14,1415,265,SOWR,153210120,WALERY,21.619444444444444,53.14722222222222
medium,18,1811,217,KRAK,150210070,WAMPIERZÓW,21.230833333333333,50.29944444444444
medium,22,2211,47,GDYN,154180050,WARSZKOWSKI MŁYN,18.153055555555554,54.69166666666666
medium,22,2206,294,GDYN,154170180,WAWRZYNOWO,17.8975,54.04555555555555
medium,24,2404,254,SOWR,150190280,WĄSOSZ,19.68277777777778,50.75111111111111
medium,22,2215,47,GDYN,154180080,WEJHEROWO,18.224999999999998,54.61333333333334
medium,24,2413,118,WROC,150180230,WESOŁA,18.69,50.56166666666666
medium,28,2819,582,SOWR,154210070,WĘGORZEWO,21.730833333333333,54.22666666666667
medium,10,1003,182,POZN,151180150,WIDAWA,18.946666666666665,51.43833333333333
medium,32,3206,,POZN,153140020,WIDUCHOWA,14.381944444444445,53.1225
mediumOutdated,32,3204,31,GDYN,153140080,WIDZIEŃSKO,14.74472222222222,53.66555555555556
medium,28,2817,2654,SOWR,153200160,WIELBARK,20.944166666666668,53.401666666666664
medium,02,0208,12,WROC,150160210,WILKANÓW,16.66222222222222,50.265277777777776
medium,02,0209,138,WROC,151160070,WINNICA,16.09361111111111,51.111666666666665
medium,22,2204,48,GDYN,154180170,WIŚLINA,18.725277777777777,54.3075
medium,20,2007,263,SOWR,153220070,WIZNA,22.408055555555553,53.200833333333335
medium,22,2211,47,GDYN,154180100,WŁADYSŁAWOWO,18.41861111111111,54.79666666666667
medium,14,1428,272,SOWR,152200070,WŁADYSŁAWÓW,20.354166666666668,52.32222222222222
medium,04,0464,278,SOWR,152190020,WŁOCŁAWEK-RUDA,19.021944444444443,52.64888888888889
medium,02,0206,16,WROC,150150100,WOJANÓW,15.826944444444445,50.870555555555555
medium,32,3207,35,GDYN,153140060,WOLIN,14.616666666666667,53.838055555555556
medium,20,2004,2626,SOWR,153220220,WOŹNAWIEŚ,22.749444444444446,53.683611111111105
medium,30,3024,187,POZN,152160050,WRONKI,16.38,52.711666666666666
medium,24,2402,211,KRAK,149180210,ZABRZEG,18.935277777777777,49.92527777777777
medium,14,1410,267145,SOWR,152230200,ZABUŻE,23.04888888888889,52.3175
medium,02,0226,138,WROC,151150160,ZAGRODNO,15.863888888888889,51.18888888888888
medium,14,1424,265,SOWR,152210060,ZAMBSKI KOŚCIELNE,21.20611111111111,52.75611111111111
medium,22,2215,47,GDYN,154180030,ZAMOSTNE,18.103333333333335,54.650277777777774
medium,22,2213,298,GDYN,154180110,ZAPOWIEDNIK,18.46944444444444,54.03861111111111
medium,20,2007,265,SOWR,153210180,ZARUZIE,21.80027777777778,53.14833333333333
medium,12,1213,2134,KRAK,149190170,ZATOR,19.445555555555554,49.99916666666667
medium,18,1801,221,KRAK,149220130,ZATWARNICA,22.563055555555557,49.235
mediumOutdated,14,1434,,SOWR,152210160,ZAWADY,21.214166666666667,52.44416666666666
medium,22,2201,474,GDYN,154170150,ZAWIATY,17.62027777777778,54.3325
medium,30,3015,1878,POZN,152150220,ZBĄSZYŃ,15.923055555555555,52.250277777777775
medium,02,0217,1334,WROC,150170010,ZBOROWICE,17.170555555555556,50.80555555555555
medium,02,0214,136,WROC,151170050,ZBYTOWA,17.406666666666666,51.10583333333334
medium,24,2403,114,WROC,149180050,ZEBRZYDOWICE,18.613333333333333,49.88
mediumOutdated,14,1429,267147,SOWR,152220030,ZEMBRÓW,22.302777777777777,52.5225
medium,24,2417,2132,KRAK,149190090,ŻABNICA,19.18027777777778,49.56472222222222
medium,14,1428,272,SOWR,152200050,ŻUKÓW,20.269166666666667,52.26166666666666
highOutdated,04,0402,28,GDYN,153190180,BACHOTEK,19.443055555555556,53.32
highOutdated,28,2813,2628,SOWR,154220020,BORKI,22.17138888888889,54.1
high,16,1602,112,WROC,150170170,BRANICE,17.771944444444443,50.05138888888889
high,04,0402,28,GDYN,153190050,BRODNICA,19.40083333333333,53.25555555555555
highOutdated,28,2805,2626,SOWR,153220110,CHEŁCHY,22.467777777777776,53.879444444444445
high,32,3209,44,GDYN,154160080,CYBULINO,16.61777777777778,54.040277777777774
high,20,2004,2628,SOWR,153220310,CZARNA WIEŚ,22.639444444444443,53.711111111111116
high,30,3007,184,POZN,151180050,DĘBE,18.197777777777777,51.79138888888889
high,08,0809,16,WROC,151150050,DOBROSZÓW WIELKI,15.25611111111111,51.774166666666666
high,28,2807,28,GDYN,153190100,DZIARNY,19.614722222222223,53.57055555555556
high,28,2805,2628,SOWR,153220050,EŁK ,22.344166666666666,53.82027777777778
high,22,2261,,GDYN,154180140,GDAŃSK - PORT PÓŁNOCNY,18.698055555555555,54.39972222222222
high,22,2261,48,GDYN,154180160,GDAŃSK - SOBIESZEWO,18.81527777777778,54.34638888888889
high,22,2261,299,GDYN,154180210,GDAŃSK - UJŚCIE WISŁY,18.943055555555556,54.35277777777778
high,28,2806,264,SOWR,154210090,GIŻYCKO,21.761111111111113,54.035555555555554
high,28,2816,264,SOWR,153210130,GŁODOWO,21.655555555555555,53.726111111111116
high,22,2211,47,GDYN,153180120,HEL,18.800555555555555,54.60194444444445
high,28,2807,28,GDYN,153190080,IŁAWA,19.553611111111113,53.599444444444444
high,22,2212,476,GDYN,154170090,IZBICA,17.428055555555556,54.68111111111111
high,30,3005,1856,POZN,152160060,KONOJAD,16.531944444444445,52.15138888888889
high,30,3011,1856,POZN,152160090,KOŚCIAN,16.644166666666667,52.09
high,02,0206,16,WROC,150150110,KOWARY,15.834166666666667,50.79472222222222
high,22,2210,51,GDYN,154190070,KRYNICA MORSKA,19.44527777777778,54.37861111111111
high,28,2805,2626,SOWR,153220150,KUCZE ,22.596944444444443,53.782222222222224
high,10,1004,272,SOWR,152190050,KWIATKÓWEK,19.217499999999998,52.0625
high,04,0406,296,GDYN,153190020,LISNOWO,19.135555555555555,53.448611111111106
high,22,2208,476,GDYN,154170100,ŁEBA,17.550555555555555,54.763333333333335
high,08,0806,1888,POZN,152150150,ŁUGI,15.694166666666668,52.941111111111105
high,30,3010,1881,POZN,152180100,ŁYSEK,18.503611111111113,52.406666666666666
high,28,2816,264,SOWR,153210200,MALDANIN,21.823888888888888,53.650555555555556
high,28,2813,2628,SOWR,154220030,MAŁE WRONKI,22.221944444444443,54.02166666666667
highOutdated,28,2810,264,SOWR,153210110,MIKOŁAJKI,21.5875,53.78916666666667
high,22,2215,476,GDYN,154180020,MIŁOSZEWO,18.029444444444444,54.44
high,28,2802,55,GDYN,154190130,NOWA PASŁĘKA,19.746111111111112,54.42583333333333
high,28,2804,54,GDYN,154190050,NOWAKOWO,19.363055555555558,54.230555555555554
high,28,2812,28,GDYN,153190090,NOWE MIASTO LUBAWSKIE,19.59,53.42222222222222
high,28,2816,264,SOWR,153210190,PISZ,21.80638888888889,53.62444444444444
high,22,2207,52,GDYN,153190030,PRABUTY,19.199722222222224,53.77916666666667
high,08,0812,156,WROC,151160030,RADZYŃ,16.03805555555556,51.87277777777778
high,20,2004,2626,SOWR,153220200,RAJGRÓD ,22.701666666666664,53.730555555555554
high,20,2004,2626,SOWR,153220190,RAJGRÓD ,22.699722222222224,53.73277777777778
high,28,2807,28,GDYN,153190120,RODZONE,19.65972222222222,53.52222222222222
high,04,0406,296,GDYN,153180150,ROGÓŹNO 2,18.948888888888888,53.516666666666666
high,30,3016,186,POZN,152160120,RYCZYWÓŁ,16.839444444444442,52.81583333333333
high,30,3013,14,WROC,151160160,RYDZYNA,16.66888888888889,51.782777777777774
high,30,3023,183,POZN,152170120,SAMARZEWO,17.743055555555557,52.223333333333336
high,14,1420,268,SOWR,152200060,SARBIEWO,20.353333333333335,52.70194444444445
high,28,2811,268,SOWR,153200050,SARNOWO,20.24638888888889,53.26888888888889
highOutdated,28,2805,2626,SOWR,153220120,SORDACHY,22.473333333333333,53.822500000000005
high,04,0406,296,GDYN,153190010,ŚWIECIE,19.098055555555554,53.44333333333333
high,04,0402,28,GDYN,153190190,TAMA BRODZKA,19.47694444444444,53.281666666666666
high,20,2012,2622,SOWR,154220070,WÓLKA,22.616666666666667,54.20388888888889
high,28,2804,54,GDYN,154190080,ŻUKOWO,19.450833333333332,54.10277777777778
warning,14,1435,267149,SOWR,152210150,POPOWO,21.175555555555558,52.528055555555554
